year,elevation,date,temperature,humidity,solarIrradiance,cloudCover,windSpeed,solarEnergyGW
2015,879.32,2015-10-07,10.13,60.82,283.23,92.24,9.82,0.0197
2010,1583.48,2010-03-10,17.51,67.5,238.7,91.16,8.82,0.01
2023,832.31,2023-07-20,23.89,58.99,906.17,12.6,9.31,0.01
2013,1908.3,2013-12-25,-3.79,83.45,315.78,72.48,2.47,0.0194
2022,762.66,2022-09-01,18.85,53.21,379.16,73.03,2.71,0.01
2020,1222.41,2020-06-13,33.78,61.14,332.12,88.92,17.32,0.01
2013,483.79,2013-09-10,11.43,76.28,434.62,62.66,6.19,0.01
2019,1660.25,2019-01-02,5.59,63.39,386.71,30.07,16.65,0.1772
2017,2359.56,2017-07-04,25.15,53.12,1058.73,16.75,5.25,0.0175
2012,1615.32,2012-11-02,1.57,78.34,230.44,72.23,3.0,0.01
2016,1756.56,2016-10-31,7.66,74.57,546.29,43.56,0.51,0.0453
2020,1902.53,2020-04-11,21.09,57.03,509.8,71.02,15.94,0.113
2014,754.87,2014-01-05,4.83,66.4,269.75,43.55,4.95,0.01
2024,80.06,2024-05-29,27.51,62.28,771.56,22.05,16.83,0.1536
2015,1872.06,2015-12-22,1.77,66.09,224.05,72.61,10.35,0.01
2011,1173.98,2011-09-03,11.65,70.33,515.87,52.01,11.26,0.01
2012,243.08,2012-07-06,23.12,60.35,512.56,57.96,1.46,0.01
2012,517.25,2012-05-10,27.59,56.21,646.85,58.25,8.28,0.01
2017,1021.13,2017-03-15,18.1,68.91,799.26,11.46,6.17,0.0139
2017,916.53,2017-08-14,26.87,57.2,488.78,56.51,1.97,0.01
2011,1754.52,2011-04-29,19.89,56.62,410.92,96.53,9.15,0.0249
2014,1345.53,2014-03-28,10.74,74.54,639.91,42.85,19.28,0.0835
2023,1400.18,2023-11-02,6.04,76.49,173.85,83.36,2.26,0.01
2018,2008.83,2018-10-15,8.77,78.06,473.1,60.69,0.55,0.01
2024,13.87,2024-05-05,29.95,59.22,270.29,99.29,19.99,0.01
2010,2419.86,2010-05-17,31.42,47.88,1040.81,11.73,19.09,0.01
2011,1010.8,2011-08-04,23.35,65.03,574.25,51.14,1.06,0.01
2021,344.91,2021-04-08,25.39,64.16,387.39,77.38,12.39,0.01
2018,896.85,2018-12-31,0.58,73.97,301.94,20.21,15.9,0.1575
2017,1092.01,2017-05-10,26.78,49.32,746.66,30.14,1.55,0.01
2019,2102.29,2019-10-27,2.96,80.67,496.8,16.28,19.9,0.0807
2024,2144.87,2024-08-10,20.84,69.91,733.45,47.63,8.16,0.01
2022,630.36,2022-12-26,1.35,73.97,324.96,29.05,5.16,0.01
2018,218.12,2018-12-26,1.65,63.41,469.27,12.15,8.73,0.01
2011,1292.26,2011-12-16,-4.59,69.25,301.3,34.92,15.77,0.01
2024,2284.93,2024-03-03,19.32,70.65,350.1,80.44,19.43,0.01
2014,915.44,2014-06-04,29.05,56.2,833.43,40.11,17.27,0.01
2011,217.91,2011-04-17,20.97,56.18,749.03,4.49,4.72,0.01
2019,1188.25,2019-01-06,4.83,77.48,527.29,6.14,12.2,0.01
2014,1359.33,2014-06-28,28.19,54.46,1039.55,7.36,11.21,0.01
2023,1908.82,2023-07-14,29.56,62.64,671.26,47.49,18.28,0.01
2021,1994.6,2021-05-22,25.65,68.18,951.72,31.81,0.55,0.01
2020,2477.43,2020-09-09,13.78,67.47,917.6,2.51,12.68,0.01
2024,109.27,2024-07-14,29.16,57.87,752.96,41.97,0.63,0.1874
2017,2369.43,2017-11-15,1.93,68.34,368.2,40.28,17.75,0.1938
2011,1472.4,2011-04-12,21.99,53.74,742.24,23.8,10.92,0.115
2022,15.57,2022-01-08,6.12,79.39,108.45,76.09,17.04,0.01
2019,2067.93,2019-03-27,19.87,69.49,469.85,60.71,9.0,0.0968
2021,2077.99,2021-05-26,29.38,49.25,956.56,12.83,0.86,0.01
2013,1569.07,2013-03-21,16.55,74.2,281.44,97.84,0.3,0.01
2020,1875.72,2020-05-18,24.93,61.76,693.25,62.49,4.48,0.01
2016,547.96,2016-01-19,5.2,61.78,259.09,62.0,0.04,0.1208
2023,823.45,2023-08-29,20.84,60.35,799.06,17.96,0.18,0.01
2016,2108.0,2016-02-23,10.29,67.97,568.8,17.24,13.17,0.154
2012,1368.62,2012-02-05,2.96,73.22,197.82,77.18,9.65,0.01
2018,849.85,2018-04-11,18.71,54.47,399.15,77.43,9.22,0.01
2020,196.78,2020-10-30,4.53,67.93,549.47,25.98,16.32,0.01
2022,1872.93,2022-09-14,14.57,61.47,353.3,82.91,14.0,0.1999
2018,227.3,2018-02-24,7.64,64.06,302.55,62.18,18.02,0.01
2021,2115.83,2021-12-27,-2.26,78.04,274.46,57.55,9.83,0.039
2022,1306.72,2022-06-22,31.79,47.7,1100.72,16.2,12.93,0.0753
2021,23.15,2021-01-13,-1.68,70.74,257.14,74.93,4.71,0.01
2017,1516.56,2017-12-09,4.36,75.33,171.08,66.75,11.95,0.01
2018,1996.43,2018-07-21,28.88,58.1,502.24,90.83,15.06,0.0199
2010,965.43,2010-09-05,12.23,60.85,667.41,13.55,9.82,0.1641
2012,181.86,2012-04-01,25.91,52.64,613.51,39.87,18.53,0.01
2020,725.77,2020-06-21,29.27,51.67,714.58,34.6,13.12,0.076
2010,1137.46,2010-06-11,26.01,63.23,838.07,47.54,17.9,0.0689
2011,1523.61,2011-04-23,26.61,62.98,531.71,61.28,8.4,0.01
2015,1867.42,2015-05-11,30.19,47.96,704.37,53.84,13.22,0.0518
2010,2045.34,2010-07-29,27.53,61.7,451.47,97.26,14.05,0.01
2024,1160.41,2024-08-26,21.68,57.21,827.63,5.39,7.69,0.01
2019,892.73,2019-11-19,2.26,72.55,206.37,52.59,2.36,0.01
2011,1140.14,2011-06-13,30.72,65.01,983.12,29.45,12.5,0.0304
2016,810.13,2016-02-06,6.41,65.98,448.24,35.59,12.4,0.01
2020,600.03,2020-09-04,13.28,56.81,452.14,56.58,10.82,0.1192
2017,59.04,2017-09-17,16.89,61.32,129.84,96.92,12.29,0.01
2019,2326.68,2019-10-24,6.62,74.15,389.38,40.14,15.27,0.1507
2022,268.84,2022-04-07,21.25,71.58,703.93,24.23,5.9,0.01
2010,140.96,2010-03-25,11.56,69.94,306.26,85.22,2.55,0.01
2018,1684.92,2018-06-21,34.75,46.46,787.79,56.29,11.28,0.01
2012,1029.54,2012-11-04,0.16,70.61,225.1,94.51,13.3,0.0743
2012,2376.61,2012-09-08,17.49,72.09,751.36,34.7,18.54,0.0148
2020,715.49,2020-02-13,2.95,70.99,488.44,7.61,18.38,0.01
2011,1681.46,2011-06-09,29.47,59.75,841.32,44.51,12.37,0.1281
2022,941.44,2022-09-04,19.11,61.83,780.86,2.36,11.33,0.01
2019,133.35,2019-05-18,31.21,57.72,766.08,16.41,9.68,0.0204
2010,1819.87,2010-08-18,26.1,66.86,267.38,91.16,3.4,0.01
2021,1218.78,2021-10-16,5.07,69.96,500.97,45.94,2.14,0.01
2015,18.69,2015-02-27,10.72,59.24,348.05,35.99,16.91,0.1323
2016,513.79,2016-03-17,15.92,65.2,685.89,21.06,8.77,0.0202
2013,742.5,2013-12-27,-1.59,76.99,234.44,80.3,2.01,0.0942
2011,163.59,2011-06-29,28.97,48.08,618.35,67.92,9.44,0.01
2015,1187.76,2015-05-06,30.52,49.77,920.19,16.26,14.16,0.0756
2022,38.78,2022-01-17,2.75,77.41,375.03,53.72,16.09,0.0128
2017,2494.64,2017-10-09,11.07,60.83,700.82,17.03,10.82,0.0679
2019,1161.87,2019-07-05,23.28,55.94,662.07,49.24,10.19,0.0596
2022,357.8,2022-05-30,27.19,52.42,257.98,94.01,1.17,0.01
2018,1859.92,2018-11-19,-0.95,75.64,414.55,5.15,7.91,0.01
2016,2455.92,2016-06-22,25.88,53.86,1310.53,0.49,15.99,0.01
2014,1219.51,2014-02-06,7.72,68.87,447.57,54.28,3.68,0.01
2023,2056.09,2023-02-28,4.2,64.43,250.09,98.79,3.5,0.01
2014,1181.13,2014-06-10,29.1,53.86,468.86,72.76,18.99,0.094
2015,521.29,2015-09-26,14.2,73.93,457.29,51.98,15.59,0.1061
2024,1830.8,2024-01-19,3.17,76.95,387.17,9.38,12.85,0.1176
2010,1597.6,2010-12-13,0.08,80.54,227.94,66.49,3.5,0.01
2012,2464.38,2012-07-01,23.49,64.44,723.5,58.75,10.91,0.01
2016,725.76,2016-07-08,26.09,66.88,819.25,17.73,0.48,0.01
2017,867.17,2017-02-13,4.98,61.92,491.07,9.11,17.26,0.01
2021,756.57,2021-06-07,29.4,49.57,452.76,72.91,5.07,0.1271
2023,2207.78,2023-12-12,3.5,67.34,208.61,57.37,4.35,0.01
2014,974.81,2014-12-28,0.29,68.33,222.15,87.21,13.66,0.1672
2011,2319.52,2011-05-02,26.62,65.91,343.34,94.62,6.94,0.01
2014,357.86,2014-07-06,32.54,54.51,917.79,11.5,0.36,0.01
2014,2037.07,2014-06-20,30.5,57.2,541.28,80.76,15.23,0.013
2017,847.99,2017-05-31,27.21,63.87,299.52,98.75,5.55,0.01
2022,100.3,2022-04-02,23.76,62.91,378.71,93.48,18.65,0.0952
2023,2307.48,2023-07-16,24.0,65.05,541.91,87.1,1.23,0.01
2014,1005.07,2014-06-21,28.45,50.2,528.76,79.15,13.23,0.01
2024,1602.09,2024-12-25,3.67,75.43,226.97,80.14,19.4,0.103
2018,1535.82,2018-03-31,13.62,63.73,403.4,54.97,7.71,0.155
2015,987.4,2015-07-24,30.8,66.16,373.29,81.17,14.3,0.1138
2013,815.82,2013-04-03,17.6,65.96,720.62,33.2,2.77,0.01
2019,1309.12,2019-08-21,24.65,61.67,392.92,82.51,2.48,0.01
2018,1743.35,2018-09-16,14.79,63.37,369.04,77.9,6.36,0.0512
2017,2157.91,2017-07-20,23.93,59.96,1035.92,7.58,2.31,0.01
2015,1011.93,2015-06-17,28.28,55.52,940.8,33.02,1.18,0.01
2024,2302.89,2024-05-26,25.2,63.48,391.8,89.82,4.98,0.01
2020,654.54,2020-12-19,-2.15,74.4,134.97,74.31,10.77,0.01
2017,322.88,2017-08-18,22.55,57.26,353.43,87.64,16.03,0.01
2013,1164.55,2013-05-12,24.78,52.17,271.57,98.71,5.15,0.0297
2010,1029.7,2010-03-08,14.69,61.48,630.65,9.98,18.49,0.1568
2013,403.99,2013-01-29,0.02,68.89,306.04,78.58,6.05,0.01
2018,766.34,2018-08-04,21.69,55.98,270.04,87.98,8.36,0.1486
2022,1524.69,2022-06-19,27.22,49.84,496.27,74.21,0.27,0.01
2021,1298.26,2021-05-04,26.94,53.66,866.97,19.86,2.67,0.1474
2019,33.52,2019-07-15,23.51,66.52,427.31,71.43,19.14,0.0523
2018,574.38,2018-02-26,4.41,71.56,442.18,28.72,7.03,0.0493
2019,727.55,2019-09-10,19.41,58.69,452.69,56.59,5.52,0.01
2010,2170.67,2010-07-09,23.52,68.73,430.22,82.15,10.4,0.01
2015,2101.99,2015-04-26,27.43,53.64,393.52,93.28,13.02,0.01
2022,2479.25,2022-10-01,8.1,71.3,326.9,83.74,4.41,0.01
2014,2223.42,2014-08-05,19.89,65.58,1061.95,4.03,2.52,0.0332
2013,862.28,2013-08-23,18.51,67.12,677.03,50.34,18.6,0.0922
2020,784.71,2020-02-01,5.81,77.75,431.82,15.27,5.7,0.1796
2010,1014.75,2010-06-03,33.06,53.85,446.69,97.73,17.29,0.01
2022,2012.58,2022-08-05,27.49,60.87,621.75,44.83,8.83,0.1694
2020,1694.72,2020-06-23,33.08,52.54,949.52,26.95,6.32,0.0668
2022,350.4,2022-09-11,18.4,72.86,520.22,32.92,0.98,0.0546
2023,123.81,2023-11-21,2.35,65.75,337.47,55.61,16.7,0.01
2013,1716.49,2013-06-10,26.8,55.16,619.18,67.52,1.58,0.01
2012,1909.68,2012-07-20,29.56,65.62,830.87,45.82,0.79,0.01
2011,907.42,2011-09-03,19.02,55.83,237.42,87.88,4.9,0.01
2021,640.31,2021-12-10,-1.56,82.77,324.98,43.81,10.91,0.0203
2016,974.79,2016-01-14,4.71,65.5,362.24,54.19,7.92,0.01
2012,2481.56,2012-03-17,16.9,54.38,627.56,50.69,9.08,0.01
2012,1002.89,2012-07-19,30.62,60.81,778.56,48.71,11.39,0.1475
2013,483.89,2013-07-26,29.32,52.25,337.57,96.37,11.75,0.01
2012,2083.29,2012-10-08,8.05,64.45,394.79,57.07,6.31,0.01
2022,178.15,2022-10-08,7.28,63.56,625.83,7.47,6.77,0.1594
2010,2285.39,2010-06-30,32.74,49.29,388.82,94.38,17.88,0.1353
2014,1472.59,2014-03-27,18.21,60.57,291.51,88.46,4.2,0.01
2019,1253.16,2019-02-09,6.56,62.09,395.7,38.72,16.82,0.01
2023,1701.71,2023-06-20,28.44,48.92,1025.37,24.0,13.35,0.0166
2016,185.01,2016-09-07,11.02,60.28,380.3,84.02,19.85,0.01
2024,1787.75,2024-01-19,6.49,60.34,368.5,33.33,17.4,0.0358
2020,2350.18,2020-03-30,14.16,65.07,408.31,64.29,19.56,0.01
2020,1201.73,2020-08-18,20.63,58.41,572.06,70.33,16.07,0.1718
2011,1346.56,2011-09-05,15.55,55.21,195.9,93.5,8.0,0.01
2019,2198.11,2019-12-18,2.31,64.83,299.78,71.13,16.09,0.01
2024,2478.99,2024-05-14,30.92,52.72,1189.21,5.29,0.84,0.0672
2010,419.46,2010-08-26,23.53,54.63,474.52,59.79,17.01,0.01
2011,2452.2,2011-06-12,34.27,64.76,1044.43,14.44,7.09,0.01
2018,1859.89,2018-05-19,29.54,58.27,515.65,73.65,8.88,0.01
2016,1585.35,2016-04-08,25.52,59.69,581.2,70.55,10.55,0.01
2011,132.13,2011-05-07,25.55,57.5,631.28,41.85,17.22,0.01
2024,2104.8,2024-10-01,10.55,67.95,224.47,86.16,0.37,0.0296
2019,2073.35,2019-02-15,7.39,71.57,489.1,18.06,16.2,0.01
2024,2286.81,2024-01-17,2.68,70.01,205.24,63.88,14.77,0.183
2019,2094.87,2019-11-11,4.87,68.19,263.18,72.38,18.1,0.1613
2017,2240.3,2017-07-17,32.38,53.8,922.67,29.23,2.92,0.0382
2013,2160.63,2013-10-22,8.83,69.63,694.32,10.1,5.37,0.01
2014,699.19,2014-08-31,18.95,67.84,577.4,50.53,4.0,0.1018
2012,2202.14,2012-07-13,25.3,69.35,463.13,93.21,2.83,0.01
2019,2249.46,2019-09-14,13.3,56.03,475.4,57.76,13.44,0.0642
2015,1573.05,2015-04-03,18.42,69.82,552.33,48.47,18.68,0.07
2018,429.69,2018-01-05,-2.34,70.82,172.55,70.39,10.8,0.0867
2018,1382.86,2018-05-23,30.0,53.44,973.8,13.65,8.67,0.01
2010,854.56,2010-07-02,32.87,47.56,789.47,36.02,19.88,0.01
2012,1451.18,2012-06-22,32.32,56.72,369.37,93.04,6.08,0.0353
2012,2109.48,2012-08-12,26.69,65.73,602.75,49.46,10.3,0.1429
2016,1293.47,2016-05-14,25.87,68.89,840.67,28.48,8.2,0.01
2013,1978.22,2013-10-23,2.67,77.72,554.02,23.77,1.93,0.0245
2017,737.77,2017-01-19,3.75,63.87,285.35,63.02,12.67,0.01
2024,2243.69,2024-03-27,11.14,70.12,726.61,32.07,0.75,0.01
2021,738.8,2021-12-08,4.18,62.8,369.74,52.5,9.91,0.01
2018,1070.5,2018-03-04,11.92,58.07,282.25,83.76,12.91,0.1402
2020,1164.42,2020-06-28,28.16,64.78,397.94,84.02,5.96,0.01
2011,2324.25,2011-06-23,33.12,47.99,434.72,81.96,15.42,0.0917
2017,2343.32,2017-07-06,27.41,61.8,998.85,29.41,0.08,0.1191
2020,167.08,2020-10-04,8.24,77.09,530.87,22.8,8.88,0.01
2018,1679.32,2018-07-07,28.09,51.21,513.81,69.75,5.74,0.065
2012,2116.51,2012-02-25,10.26,70.64,550.46,13.86,1.41,0.01
2011,1551.79,2011-05-28,23.12,67.7,825.31,34.89,12.34,0.0422
2018,892.28,2018-09-13,15.48,55.17,532.19,54.56,7.16,0.0307
2013,1380.43,2013-04-02,20.83,69.6,432.76,82.59,19.42,0.1617
2024,2095.04,2024-04-05,25.06,53.02,760.73,34.87,16.16,0.149
2012,2496.26,2012-04-27,25.46,54.88,671.17,45.14,18.0,0.1003
2022,1281.07,2022-08-13,25.62,51.67,841.74,22.68,19.78,0.01
2022,1946.28,2022-07-18,29.74,63.8,527.04,85.71,8.47,0.1512
2018,950.91,2018-12-26,3.54,67.99,395.63,13.86,17.42,0.01
2023,224.39,2023-11-03,3.56,78.65,50,99.68,19.37,0.01
2021,1611.86,2021-11-20,2.74,70.22,208.05,76.6,2.75,0.1764
2021,1093.11,2021-06-26,28.64,55.3,805.56,49.02,4.16,0.01
2015,262.32,2015-12-15,-2.51,76.07,92.16,80.85,15.88,0.063
2018,695.78,2018-03-12,18.49,69.44,338.4,61.17,14.08,0.01
2011,542.12,2011-08-08,25.18,67.02,531.8,62.23,9.17,0.084
2013,908.5,2013-01-28,5.24,69.2,220.08,61.37,3.93,0.191
2016,1503.02,2016-08-25,24.88,61.86,993.17,6.12,9.45,0.1534
2015,178.67,2015-10-20,5.33,66.73,396.01,24.69,15.22,0.1909
2010,409.53,2010-04-14,21.9,56.28,517.96,52.82,10.38,0.0506
2013,2303.77,2013-04-30,20.55,64.55,1085.36,4.05,12.71,0.01
2010,1294.91,2010-08-04,26.06,59.18,558.96,47.45,6.75,0.0893
2013,884.06,2013-09-22,15.9,67.96,235.59,83.88,19.3,0.01
2014,141.0,2014-10-19,4.39,70.86,451.01,22.12,12.76,0.1874
2014,943.01,2014-03-19,17.62,71.32,827.3,1.15,0.23,0.01
2012,792.32,2012-08-29,20.28,59.81,738.08,38.0,3.72,0.1468
2012,1597.63,2012-12-27,-1.28,78.38,207.75,83.11,9.12,0.01
2020,1107.12,2020-02-03,7.09,67.12,349.78,72.07,13.19,0.01
2016,1948.05,2016-12-25,2.84,72.21,137.3,81.12,14.93,0.0526
2012,362.47,2012-01-15,0.94,71.02,51.59,96.94,13.83,0.0166
2014,903.12,2014-10-17,9.29,63.5,509.81,27.82,15.52,0.01
2018,1488.83,2018-02-20,6.81,66.02,301.51,57.54,17.95,0.01
2020,2292.6,2020-02-13,10.75,57.9,276.14,75.5,13.18,0.1135
2012,286.73,2012-07-16,25.65,65.69,859.08,27.75,5.7,0.0999
2012,385.78,2012-03-05,17.92,57.49,659.94,3.82,16.19,0.01
2018,868.94,2018-10-15,8.37,60.79,486.45,18.84,8.92,0.1246
2015,1179.63,2015-04-11,21.08,60.13,527.36,72.95,6.59,0.1952
2019,2258.26,2019-11-17,-1.75,68.47,273.0,45.3,18.92,0.01
2012,509.26,2012-03-07,18.72,55.28,673.44,6.79,19.65,0.01
2018,2191.39,2018-04-18,20.02,60.46,526.73,73.21,9.77,0.1753
2020,1611.13,2020-01-01,0.54,66.97,379.78,60.68,16.71,0.01
2019,1805.22,2019-04-22,18.66,64.94,648.17,41.61,9.89,0.01
2016,497.25,2016-03-20,19.13,67.69,306.12,75.77,1.95,0.01
2021,1793.14,2021-01-23,6.72,59.51,391.78,55.94,3.12,0.01
2012,142.79,2012-07-03,28.26,55.22,668.74,40.27,3.03,0.01
2020,51.34,2020-10-15,10.93,70.45,564.76,21.5,16.14,0.01
2017,1678.9,2017-12-03,-2.54,64.15,279.55,80.81,8.21,0.0902
2010,1916.94,2010-07-30,25.01,59.75,884.49,40.5,19.25,0.0127
2018,1765.8,2018-03-01,19.06,59.5,496.05,39.68,14.3,0.01
2022,1775.66,2022-04-06,23.53,60.15,470.68,66.42,12.94,0.0815
2014,636.81,2014-10-26,6.14,68.75,372.81,68.63,0.77,0.0218
2023,481.42,2023-08-16,19.32,71.08,483.59,70.32,9.49,0.081
2017,2078.34,2017-05-23,31.57,65.89,747.39,41.61,4.74,0.01
2010,1893.4,2010-04-28,19.97,52.56,458.53,68.52,16.74,0.01
2016,62.83,2016-08-18,23.21,65.14,534.12,58.3,2.25,0.01
2021,619.98,2021-08-22,24.78,52.42,264.06,95.69,15.32,0.01
2023,2454.44,2023-10-03,6.08,70.91,164.05,90.04,17.33,0.01
2012,2003.76,2012-07-27,23.4,56.82,543.87,75.0,17.29,0.01
2019,2266.0,2019-04-22,19.51,56.89,817.72,34.9,5.08,0.079
2017,1924.26,2017-06-03,33.68,59.35,628.73,61.09,15.54,0.01
2011,1768.86,2011-04-27,27.42,49.31,624.78,55.38,8.78,0.166
2015,609.87,2015-09-11,18.02,66.72,691.54,8.77,0.76,0.1264
2016,1344.55,2016-07-10,27.37,65.35,881.89,16.38,18.77,0.01
2011,2144.52,2011-09-10,16.1,66.97,736.24,9.24,2.72,0.01
2011,1554.75,2011-12-25,-4.95,81.82,324.25,36.55,4.73,0.1427
2016,1291.12,2016-07-31,25.2,63.36,685.52,55.95,3.41,0.1564
2018,2335.13,2018-11-12,6.45,77.96,608.97,1.81,7.53,0.01
2012,1984.4,2012-09-16,18.46,69.21,695.96,28.09,11.87,0.01
2010,709.24,2010-09-20,12.58,71.62,305.81,95.01,10.29,0.1671
2013,2108.01,2013-04-19,20.66,57.05,776.3,48.92,5.56,0.1246
2010,2343.69,2010-01-16,0.57,72.9,388.69,50.18,8.43,0.01
2013,295.54,2013-07-13,32.67,54.47,526.91,58.24,12.97,0.1872
2024,284.71,2024-07-15,32.35,52.68,572.42,46.29,14.13,0.01
2012,657.61,2012-07-15,31.76,55.54,992.91,1.54,8.47,0.01
2011,83.78,2011-07-15,28.67,60.66,654.93,35.29,14.19,0.01
2012,1628.39,2012-05-03,26.94,68.98,432.63,86.02,4.76,0.01
2020,1698.02,2020-02-02,4.56,62.64,332.96,82.12,7.6,0.0443
2012,171.62,2012-07-19,29.09,63.08,997.32,6.32,3.79,0.01
2010,624.19,2010-07-13,31.3,48.04,828.43,32.07,13.05,0.1754
2022,1939.76,2022-08-14,18.76,55.29,673.3,44.88,19.1,0.01
2013,1965.74,2013-10-05,9.8,72.78,471.82,51.12,14.88,0.0323
2019,144.49,2019-04-20,23.29,64.24,851.78,1.78,6.0,0.1315
2013,1305.8,2013-01-09,-1.71,78.11,361.66,11.75,8.21,0.01
2014,1976.37,2014-05-19,32.57,46.81,329.62,90.52,11.21,0.01
2021,2083.02,2021-05-31,25.82,54.81,511.16,69.83,5.1,0.01
2023,1409.36,2023-04-20,27.49,63.7,540.32,71.97,2.15,0.1051
2010,793.16,2010-09-17,10.58,63.81,451.07,62.78,2.93,0.1526
2013,1474.71,2013-01-23,4.06,62.62,87.36,92.83,5.5,0.031
2015,606.65,2015-07-23,30.02,55.1,493.68,71.5,1.46,0.0618
2024,1956.69,2024-09-16,10.83,67.27,594.9,25.03,13.67,0.0544
2022,634.74,2022-09-25,11.66,63.17,684.71,20.39,10.04,0.01
2018,373.16,2018-02-04,10.45,59.37,133.83,96.15,9.31,0.1486
2019,1728.75,2019-10-12,10.52,61.89,570.86,10.23,11.72,0.1117
2015,2215.23,2015-07-10,23.5,53.35,560.04,76.31,0.82,0.1877
2013,2200.78,2013-04-30,18.84,58.95,815.05,31.19,9.01,0.01
2013,1938.25,2013-01-12,2.85,76.02,169.59,99.78,18.11,0.01
2024,2271.88,2024-07-07,28.04,58.57,647.66,75.63,4.97,0.01
2010,922.25,2010-11-03,0.52,74.5,247.37,91.89,5.83,0.01
2014,2121.54,2014-08-09,27.04,52.8,521.92,71.17,7.01,0.0407
2021,2239.11,2021-06-02,31.95,62.54,934.66,35.65,11.6,0.0401
2013,850.3,2013-08-01,22.24,60.19,582.91,47.13,16.6,0.0184
2012,2211.03,2012-12-05,-1.41,81.59,367.0,7.06,7.5,0.01
2021,1575.9,2021-04-23,20.01,65.88,533.94,63.74,19.69,0.1927
2023,1043.8,2023-10-07,9.16,70.82,371.39,76.21,6.89,0.1691
2024,2178.68,2024-08-06,20.59,60.14,743.2,38.23,9.2,0.01
2014,736.32,2014-11-30,4.34,61.35,244.57,93.27,4.04,0.1983
2018,2404.72,2018-05-14,27.59,60.42,825.84,45.95,18.75,0.1555
2018,1879.51,2018-03-02,19.62,67.61,611.45,31.07,5.66,0.1637
2024,765.36,2024-04-01,26.6,65.81,386.94,72.4,15.51,0.01
2020,493.89,2020-04-20,21.21,52.0,461.7,76.83,2.84,0.194
2018,1503.18,2018-04-20,19.27,68.32,778.7,38.94,14.83,0.01
2021,1865.64,2021-01-27,6.39,72.5,419.06,15.4,2.95,0.01
2016,956.43,2016-11-04,3.69,73.03,433.73,7.44,15.36,0.01
2022,2439.85,2022-11-08,-2.8,79.69,256.04,80.3,19.44,0.01
2010,193.52,2010-04-08,27.22,65.55,568.05,38.83,9.8,0.0164
2019,1660.6,2019-07-15,31.59,60.96,1071.78,4.32,3.64,0.0356
2011,1640.53,2011-01-25,4.7,62.89,311.5,33.6,19.74,0.0816
2020,1972.06,2020-07-18,32.6,51.55,1079.67,15.52,3.61,0.01
2010,1570.94,2010-06-29,32.21,54.53,579.88,80.45,8.37,0.1323
2016,213.03,2016-04-02,23.88,62.61,432.54,59.28,1.34,0.1519
2018,2350.41,2018-05-30,24.65,63.81,1170.68,5.71,18.98,0.0905
2022,1983.35,2022-12-31,-4.22,66.0,418.92,27.37,17.06,0.01
2021,1199.79,2021-12-10,-1.0,63.74,162.79,72.81,7.23,0.01
2021,1581.67,2021-02-06,5.37,67.52,340.68,49.05,19.67,0.01
2012,1990.94,2012-03-13,17.01,67.86,647.66,20.89,3.03,0.0463
2023,764.03,2023-06-21,27.9,60.37,466.65,79.74,18.08,0.0395
2015,2136.32,2015-06-09,33.24,62.83,837.57,42.05,0.92,0.01
2024,977.63,2024-10-23,11.26,64.85,607.83,1.81,12.93,0.01
2015,111.64,2015-12-26,3.77,74.93,221.16,42.69,0.66,0.0159
2015,1764.73,2015-12-07,-1.04,82.89,257.75,54.92,1.59,0.0893
2014,904.65,2014-01-13,6.5,78.29,485.78,9.82,1.94,0.1339
2015,1485.23,2015-10-26,9.06,73.86,199.67,98.95,15.55,0.1365
2015,1843.75,2015-03-19,14.96,72.4,564.12,50.29,17.0,0.1436
2021,706.24,2021-05-29,29.13,57.04,507.84,79.7,9.67,0.01
2023,568.41,2023-01-04,-0.32,75.94,74.87,96.93,17.28,0.1135
2017,2323.81,2017-01-28,6.28,62.2,239.51,97.0,18.44,0.0725
2010,927.74,2010-04-25,25.96,55.26,754.12,37.04,0.3,0.01
2016,1300.2,2016-03-27,17.89,54.26,754.27,10.55,4.96,0.1146
2015,225.05,2015-01-27,6.93,65.35,148.73,75.47,11.3,0.01
2013,424.2,2013-11-01,-2.27,77.96,426.18,23.5,11.79,0.01
2018,1719.18,2018-12-09,-0.39,68.61,361.23,23.4,3.26,0.1718
2013,67.21,2013-03-25,11.77,68.79,416.59,45.22,1.85,0.01
2023,1929.32,2023-10-20,11.79,75.17,517.06,51.54,12.17,0.01
2012,2383.95,2012-03-12,18.22,59.37,708.31,29.79,6.61,0.0582
2014,203.02,2014-04-13,19.81,66.25,351.36,85.45,12.21,0.1296
2023,954.4,2023-02-01,7.49,62.65,303.62,72.26,0.87,0.01
2010,2478.09,2010-04-08,20.25,69.61,537.57,72.35,12.11,0.01
2018,1875.84,2018-02-17,3.54,67.08,602.29,15.07,8.27,0.01
2017,1351.8,2017-11-20,-0.66,78.79,245.67,65.68,17.69,0.01
2010,1150.52,2010-11-03,3.61,72.49,138.69,88.68,7.13,0.1103
2024,346.37,2024-06-23,34.85,45.97,536.69,79.99,15.53,0.01
2014,2387.91,2014-12-10,-1.06,66.43,490.49,3.47,11.39,0.01
2013,1561.65,2013-12-10,-4.16,80.51,380.69,8.25,7.76,0.01
2012,1528.85,2012-09-22,13.9,70.7,751.94,12.51,6.68,0.01
2024,1050.05,2024-03-20,13.9,65.64,718.31,5.31,17.14,0.0392
2024,1867.12,2024-12-17,0.84,74.59,444.15,17.12,0.3,0.01
2015,1043.2,2015-12-26,3.05,77.77,136.5,94.02,14.82,0.0868
2010,2350.14,2010-06-07,30.38,61.01,399.47,99.55,18.7,0.01
2019,1723.05,2019-01-16,0.1,80.61,505.4,16.36,17.79,0.01
2024,317.73,2024-01-18,-1.89,79.85,170.77,73.96,13.52,0.1655
2015,1939.33,2015-09-11,14.87,66.48,727.96,1.37,8.73,0.1976
2012,562.03,2012-05-19,27.62,63.21,689.21,51.1,19.39,0.01
2013,1704.51,2013-12-19,-1.86,80.03,345.4,65.55,1.2,0.0317
2017,2329.23,2017-08-21,18.1,59.97,874.05,11.43,14.56,0.0799
2012,1407.29,2012-06-08,32.28,48.76,657.3,68.46,13.41,0.0832
2016,101.08,2016-02-29,3.55,65.14,251.25,92.68,10.26,0.01
2013,1416.37,2013-02-25,4.28,63.31,467.59,52.05,14.76,0.1306
2010,658.52,2010-11-19,1.57,73.05,442.52,28.28,17.92,0.01
2012,1836.61,2012-08-09,19.51,56.53,660.58,42.44,14.27,0.01
2011,1638.27,2011-03-09,10.09,70.72,441.84,54.0,8.47,0.1203
2010,336.48,2010-10-31,10.42,71.07,500.36,25.42,6.8,0.01
2014,1478.25,2014-04-18,25.12,54.85,303.32,88.35,16.09,0.0452
2017,2427.13,2017-12-20,-3.53,82.02,510.91,18.61,11.55,0.1892
2020,1275.26,2020-10-30,6.25,77.18,527.91,6.75,0.6,0.0754
2011,1879.42,2011-06-25,26.84,54.95,375.56,89.66,4.09,0.1079
2016,1266.92,2016-11-09,4.4,67.4,319.41,59.08,18.0,0.01
2019,1676.42,2019-03-19,13.51,62.06,398.02,70.16,14.93,0.01
2019,739.45,2019-11-17,0.42,65.97,194.64,93.47,12.31,0.1456
2017,988.68,2017-12-20,-2.57,65.27,221.54,49.87,8.78,0.029
2022,534.15,2022-01-01,6.12,75.01,409.62,20.26,6.72,0.01
2015,313.24,2015-12-08,-4.86,75.71,268.14,52.42,8.06,0.0558
2015,883.82,2015-02-16,5.06,68.3,366.7,59.34,8.94,0.01
2017,173.12,2017-11-10,6.51,68.26,183.32,66.46,10.79,0.01
2024,1189.52,2024-06-10,30.57,48.04,852.99,46.16,14.55,0.01
2014,259.46,2014-03-24,15.27,72.88,306.32,93.72,14.46,0.1912
2022,1492.29,2022-08-03,26.46,60.06,949.26,15.9,12.87,0.01
2019,1688.17,2019-08-01,17.67,58.95,876.63,17.44,4.6,0.1313
2020,629.06,2020-08-05,27.33,67.44,786.17,21.12,19.23,0.01
2011,627.17,2011-01-23,3.86,74.54,275.99,44.86,17.02,0.01
2020,1928.73,2020-11-11,1.98,74.91,469.27,36.53,14.51,0.1299
2010,1157.9,2010-01-20,0.96,75.19,474.19,0.27,18.6,0.023
2020,775.75,2020-07-16,24.87,58.64,725.8,53.0,19.81,0.01
2019,2201.39,2019-02-09,5.08,75.49,613.13,27.42,4.94,0.1833
2019,637.71,2019-04-18,21.7,63.64,460.34,64.37,3.81,0.01
2014,479.73,2014-03-10,16.82,70.21,566.42,40.95,3.19,0.01
2020,783.04,2020-07-15,32.19,65.15,781.83,26.87,10.79,0.011
2016,1514.17,2016-10-12,5.96,67.15,350.11,44.29,0.33,0.01
2018,164.67,2018-05-20,24.67,68.59,600.38,59.62,12.19,0.0362
2022,428.27,2022-10-23,3.17,64.4,407.04,51.54,11.84,0.01
2015,2122.78,2015-09-20,18.05,59.0,832.55,4.24,12.72,0.0109
2022,372.6,2022-10-20,4.48,72.31,480.18,39.37,2.95,0.1638
2017,1416.03,2017-03-20,19.37,60.19,161.96,98.29,16.93,0.01
2014,2393.06,2014-04-22,26.93,54.21,901.12,29.42,1.25,0.01
2013,2120.58,2013-08-07,26.27,68.81,845.51,34.75,6.42,0.01
2024,791.06,2024-08-02,26.81,54.96,448.89,86.0,4.73,0.042
2022,2058.79,2022-08-28,22.31,68.58,882.71,29.95,8.33,0.01
2010,925.97,2010-10-16,8.76,75.74,185.25,91.3,16.33,0.01
2017,2216.4,2017-01-15,0.19,68.77,296.14,79.45,14.44,0.1561
2022,165.78,2022-11-01,-2.06,65.56,126.74,85.0,4.46,0.01
2014,1394.34,2014-06-13,30.81,66.55,635.01,69.93,16.42,0.0586
2023,44.64,2023-03-16,14.17,58.68,435.41,70.73,3.37,0.01
2016,1109.0,2016-09-27,13.72,67.39,508.63,40.68,8.92,0.01
2023,279.0,2023-05-18,28.92,67.72,615.62,66.31,10.6,0.0626
2018,1023.47,2018-06-02,33.96,56.46,653.19,61.5,19.44,0.0782
2012,195.9,2012-01-15,5.19,71.84,63.66,97.5,18.92,0.01
2024,94.83,2024-11-08,2.26,74.75,340.55,3.25,12.52,0.01
2017,596.73,2017-09-05,11.18,67.99,492.1,40.77,3.17,0.1479
2022,1347.23,2022-02-19,3.67,61.98,541.19,16.26,19.15,0.0801
2013,2135.36,2013-05-25,27.11,50.1,709.15,67.0,13.26,0.01
2015,577.66,2015-07-01,27.24,63.15,667.6,39.75,15.76,0.01
2011,818.96,2011-11-13,2.97,67.11,290.54,54.24,8.76,0.0509
2015,540.53,2015-01-14,4.07,63.55,482.8,12.22,15.16,0.0328
2010,2439.77,2010-07-27,32.0,60.4,458.44,84.82,11.5,0.0947
2015,2256.92,2015-05-11,28.48,63.12,1126.21,15.97,12.57,0.0739
2022,678.65,2022-12-20,-3.46,76.52,340.37,15.43,13.77,0.01
2013,621.34,2013-03-26,11.26,72.28,474.96,56.75,9.0,0.01
2019,804.33,2019-01-14,-1.68,77.35,307.08,27.14,5.41,0.01
2013,1504.02,2013-03-18,12.09,75.02,481.23,64.87,10.94,0.1105
2016,1670.4,2016-02-14,10.46,76.53,664.42,2.46,16.4,0.01
2010,456.37,2010-07-08,28.53,49.33,526.52,74.38,11.3,0.01
2023,2366.57,2023-12-29,-2.93,73.38,346.24,43.19,14.95,0.1447
2018,233.23,2018-06-01,33.61,63.76,772.64,24.81,12.3,0.01
2017,1004.32,2017-10-04,2.61,76.71,458.12,28.67,1.62,0.01
2012,1754.84,2012-07-23,24.0,69.01,679.83,67.96,3.33,0.01
2015,2187.92,2015-08-22,18.48,64.14,1092.5,1.94,17.66,0.1341
2011,730.49,2011-12-06,-4.88,81.39,340.08,21.74,6.29,0.18
2016,49.63,2016-11-04,4.34,79.88,342.61,8.57,8.57,0.1283
2024,997.21,2024-05-25,24.03,52.46,1023.32,6.44,5.48,0.01
2024,1355.63,2024-08-28,18.47,54.64,385.45,75.23,9.71,0.032
2017,1052.8,2017-09-19,17.83,72.96,740.46,24.45,5.59,0.0442
2024,2014.35,2024-03-25,19.6,63.4,656.81,48.18,3.7,0.01
2012,1702.56,2012-09-13,13.69,61.46,642.92,37.85,2.52,0.0266
2014,577.85,2014-09-18,18.13,56.52,194.77,92.32,2.25,0.01
2010,1421.81,2010-10-18,12.27,64.33,709.09,4.25,10.51,0.01
2012,2302.11,2012-01-01,6.24,65.73,471.27,40.03,8.21,0.01
2023,1582.43,2023-02-01,11.74,72.89,352.07,45.46,2.64,0.0422
2016,2068.38,2016-03-13,19.82,55.09,325.94,95.52,13.2,0.0666
2020,1685.28,2020-10-23,10.85,58.26,474.62,17.11,1.41,0.1137
2010,1677.37,2010-07-16,24.18,55.72,811.2,36.33,2.96,0.01
2012,2039.36,2012-09-25,17.39,56.0,733.37,16.87,4.06,0.0789
2014,69.29,2014-08-24,18.19,67.15,411.47,66.08,4.21,0.1486
2012,797.4,2012-01-01,4.92,70.54,322.89,72.92,15.48,0.1834
2015,851.58,2015-12-25,-0.62,72.54,267.53,45.93,4.74,0.01
2016,604.98,2016-08-15,25.24,66.82,406.34,87.05,1.61,0.01
2019,1869.36,2019-08-05,24.09,51.04,640.42,42.32,14.14,0.01
2024,2256.58,2024-09-25,18.99,66.86,366.73,91.33,9.47,0.01
2024,1200.68,2024-01-25,2.29,77.45,355.98,64.96,19.22,0.01
2013,2159.88,2013-02-20,3.79,66.93,555.79,17.79,9.77,0.01
2017,1529.33,2017-03-09,16.63,67.14,752.8,8.77,12.01,0.0514
2021,548.02,2021-11-13,4.59,69.64,259.65,45.39,10.04,0.01
2016,1562.88,2016-12-18,-0.14,71.82,308.67,74.03,3.79,0.1419
2018,467.98,2018-01-06,1.1,69.22,259.64,41.14,4.87,0.01
2016,2289.08,2016-05-02,29.07,48.17,938.39,20.39,7.35,0.01
2024,1990.97,2024-08-16,25.8,53.16,732.32,27.71,3.69,0.0955
2011,1644.38,2011-12-12,2.98,63.86,170.18,76.29,0.03,0.1294
2020,659.75,2020-10-22,8.93,73.6,144.21,98.14,4.34,0.1406
2019,388.61,2019-06-24,34.35,52.45,553.2,55.86,10.01,0.01
2022,1473.47,2022-02-16,10.01,64.51,326.08,89.13,19.98,0.01
2021,315.96,2021-09-30,18.83,54.92,518.88,38.07,9.03,0.01
2011,1204.97,2011-12-10,3.71,69.66,479.04,14.11,18.86,0.01
2016,2342.24,2016-02-24,5.99,61.09,521.0,24.69,17.89,0.1585
2016,2320.29,2016-09-03,15.57,70.12,404.17,62.44,6.95,0.1757
2023,118.58,2023-05-19,23.04,52.25,765.31,20.57,1.41,0.1406
2018,2435.7,2018-07-12,29.59,51.0,1138.96,9.07,6.52,0.01
2019,2079.77,2019-11-29,-2.16,81.03,336.58,28.01,6.44,0.1746
2011,43.12,2011-04-18,19.73,57.96,448.88,65.13,9.72,0.01
2014,2433.27,2014-12-17,3.18,74.07,211.51,56.92,1.66,0.01
2020,1628.45,2020-02-13,9.38,63.67,253.96,93.87,16.7,0.01
2022,2226.13,2022-12-10,3.77,66.54,353.1,55.14,0.45,0.01
2023,1592.86,2023-12-12,-3.62,76.95,341.64,59.95,9.63,0.01
2014,766.16,2014-01-13,4.04,77.62,223.72,77.58,13.78,0.1379
2018,1121.01,2018-04-22,20.07,72.39,616.99,62.19,14.6,0.0819
2010,1089.74,2010-02-03,3.57,79.67,295.2,60.07,0.45,0.01
2013,1216.76,2013-02-22,5.61,71.29,163.31,83.09,0.66,0.0924
2020,165.93,2020-06-14,34.38,49.62,882.06,17.06,10.58,0.0383
2014,2043.31,2014-02-23,11.97,64.87,714.72,4.09,4.95,0.1934
2020,2454.51,2020-07-29,32.7,46.25,582.72,82.98,1.86,0.01
2018,1927.49,2018-11-10,-1.2,78.6,362.51,32.68,7.72,0.0835
2021,1196.71,2021-01-31,2.44,79.01,384.63,57.34,3.08,0.0993
2019,805.81,2019-12-12,2.83,80.04,314.54,47.32,12.5,0.01
2011,1918.92,2011-01-02,1.51,62.6,235.12,53.35,8.7,0.01
2024,1999.01,2024-11-28,-0.18,79.58,224.64,75.06,8.95,0.0748
2013,2003.59,2013-09-02,11.6,74.16,543.08,36.02,19.77,0.1782
2011,2125.93,2011-03-06,13.69,56.75,794.15,4.97,19.66,0.01
2022,942.92,2022-07-19,23.6,62.23,503.53,87.88,10.16,0.0778
2024,1403.64,2024-02-14,11.96,69.08,399.73,33.13,6.57,0.01
2024,1793.29,2024-08-22,23.85,69.35,577.57,58.33,11.58,0.01
2015,1473.14,2015-12-18,-3.94,81.15,495.81,15.86,11.18,0.01
2015,884.26,2015-12-12,-3.8,83.93,232.07,62.39,18.14,0.01
2021,1326.54,2021-04-21,19.95,60.77,912.72,4.98,13.07,0.1947
2018,931.95,2018-09-23,13.22,67.43,597.32,28.74,10.19,0.01
2022,24.08,2022-02-12,7.43,60.48,209.03,84.94,14.6,0.0956
2024,823.88,2024-02-25,4.98,66.56,479.47,35.91,2.32,0.1867
2019,746.02,2019-03-26,15.92,65.85,385.65,76.36,1.76,0.01
2011,2136.7,2011-10-06,11.14,60.13,171.36,87.47,10.78,0.01
2016,1727.07,2016-06-14,34.11,47.21,433.52,87.3,11.61,0.1183
2019,2366.84,2019-06-29,28.05,63.83,886.81,42.04,6.19,0.0312
2018,2446.44,2018-01-14,-2.79,73.67,447.87,39.99,13.66,0.01
2013,492.2,2013-08-10,27.41,59.61,699.56,18.74,18.85,0.01
2023,1941.15,2023-04-14,23.39,69.34,597.55,63.3,15.44,0.01
2020,907.46,2020-07-07,24.33,50.53,506.35,66.5,18.67,0.1135
2018,1702.97,2018-02-06,3.23,65.88,139.38,94.09,1.72,0.1775
2017,1129.87,2017-12-23,4.26,67.93,434.26,20.03,0.86,0.01
2019,1174.46,2019-05-21,31.43,65.67,509.06,87.94,12.55,0.1097
2012,9.04,2012-08-10,20.27,60.21,547.37,46.53,19.48,0.01
2020,844.89,2020-10-05,10.34,69.88,438.53,39.0,19.32,0.1884
2016,309.91,2016-12-18,1.79,72.09,267.21,30.25,11.67,0.0242
2016,2105.49,2016-07-14,26.44,66.92,965.62,19.29,5.98,0.01
2013,1404.97,2013-04-21,26.07,67.25,395.48,87.2,16.2,0.1546
2024,400.62,2024-01-07,0.21,69.38,423.1,30.01,14.65,0.1481
2017,1050.62,2017-07-25,31.56,63.85,621.49,62.66,16.42,0.01
2011,1329.35,2011-02-15,10.83,68.13,196.44,82.22,4.22,0.1419
2011,989.74,2011-02-17,2.63,75.97,616.41,14.99,16.7,0.1428
2022,1502.08,2022-05-03,22.99,60.04,552.6,65.07,6.9,0.01
2019,366.16,2019-09-11,10.82,58.32,471.64,54.33,6.87,0.01
2022,1337.68,2022-08-03,25.98,54.5,772.49,36.31,10.6,0.063
2012,2242.01,2012-01-10,-2.58,71.34,480.14,2.22,0.63,0.01
2019,203.36,2019-02-06,10.29,72.81,500.64,40.63,19.83,0.0472
2010,2241.47,2010-12-23,2.12,70.0,229.92,54.62,0.12,0.1623
2011,1954.2,2011-06-12,27.78,63.79,769.79,39.2,0.61,0.01
2019,1897.36,2019-10-17,8.61,78.17,241.91,99.05,17.94,0.0997
2013,12.81,2013-12-14,1.79,67.98,274.77,25.61,12.17,0.01
2023,1671.4,2023-05-11,24.08,57.13,1074.16,0.98,9.37,0.1308
2020,1924.45,2020-07-21,27.47,49.0,560.95,77.17,15.99,0.0752
2021,924.68,2021-09-07,15.83,61.01,540.01,43.63,17.94,0.01
2015,108.43,2015-05-01,30.98,54.66,681.07,29.61,11.35,0.01
2024,2469.96,2024-08-15,25.44,62.83,820.6,20.36,19.49,0.01
2011,1167.74,2011-06-29,26.75,63.12,478.7,76.39,12.39,0.0397
2010,1208.01,2010-10-25,10.48,70.17,622.63,19.57,8.11,0.1963
2018,1424.52,2018-01-04,0.96,75.8,153.19,84.94,3.44,0.1084
2019,1131.99,2019-09-23,13.57,63.34,544.28,47.19,14.05,0.1517
2016,1484.21,2016-09-09,18.87,61.11,245.66,96.31,8.74,0.01
2016,2322.36,2016-02-17,3.36,67.89,518.79,49.26,9.14,0.01
2013,2489.23,2013-03-20,14.41,57.45,761.56,27.5,10.27,0.01
2018,1183.14,2018-04-18,26.9,55.9,796.42,34.19,8.35,0.01
2021,1199.25,2021-11-23,-1.94,64.98,359.23,65.61,6.02,0.0713
2021,1628.4,2021-07-15,30.82,57.85,1058.89,2.07,15.23,0.1059
2012,550.04,2012-05-03,30.63,55.54,878.73,18.22,17.58,0.0772
2016,400.66,2016-11-17,-1.14,71.31,318.86,15.44,8.06,0.0148
2019,1391.83,2019-07-17,26.55,60.65,984.43,25.95,6.17,0.01
2022,164.79,2022-11-28,4.31,73.41,419.83,16.49,13.28,0.1543
2021,1973.01,2021-02-18,9.37,60.92,176.46,84.85,13.62,0.01
2015,2323.71,2015-10-05,10.22,70.62,333.24,76.95,17.3,0.0133
2024,838.87,2024-03-06,18.43,60.15,484.95,53.61,19.74,0.01
2022,1911.25,2022-03-04,16.25,58.46,468.37,56.11,15.68,0.01
2021,1403.78,2021-09-10,15.0,74.24,582.57,50.65,8.18,0.0595
2018,2179.35,2018-06-02,32.08,63.99,925.9,29.61,12.93,0.01
2021,1474.95,2021-12-23,-0.98,71.05,243.0,71.86,10.42,0.1127
2015,388.07,2015-08-22,18.96,70.32,383.88,87.2,2.09,0.142
2011,2453.01,2011-04-13,21.28,67.4,525.46,63.24,11.89,0.01
2021,1650.35,2021-01-19,5.54,60.56,517.84,8.81,16.48,0.1931
2016,2359.67,2016-06-18,33.67,64.41,910.42,43.61,5.19,0.01
2022,1803.3,2022-06-09,30.66,51.91,785.31,36.65,17.73,0.01
2024,663.81,2024-09-25,14.52,70.52,228.01,81.03,14.13,0.01
2017,1957.93,2017-08-20,22.91,56.41,426.65,89.87,18.47,0.0529
2022,2345.95,2022-10-27,3.75,69.03,351.96,75.08,12.66,0.01
2021,1195.17,2021-03-13,10.36,62.45,676.69,33.47,5.48,0.01
2016,1317.67,2016-02-05,2.9,77.77,463.83,21.57,16.93,0.01
2020,2460.68,2020-08-06,26.95,56.32,627.4,47.86,12.61,0.01
2022,2481.7,2022-06-28,28.78,54.93,909.64,35.77,7.15,0.01
2010,1035.95,2010-03-16,13.46,69.29,615.01,38.89,8.45,0.01
2015,2141.88,2015-04-25,27.08,55.2,553.13,78.39,14.49,0.1925
2017,1531.31,2017-09-07,11.69,70.77,468.81,71.14,7.07,0.01
2010,2378.44,2010-10-22,9.45,66.43,723.03,8.43,2.33,0.0367
2023,2416.71,2023-05-11,27.79,64.71,741.55,48.71,2.25,0.01
2012,499.9,2012-03-26,14.54,66.74,299.82,73.96,10.39,0.0962
2010,1662.89,2010-03-01,11.93,67.35,693.3,19.32,8.01,0.1825
2019,170.77,2019-09-06,17.36,57.24,453.98,58.09,9.79,0.1557
2015,841.22,2015-04-03,18.68,56.5,680.84,34.46,5.65,0.01
2019,313.0,2019-06-10,25.84,68.15,960.97,11.69,16.78,0.1021
2013,2170.15,2013-04-16,23.81,59.32,982.06,17.12,9.51,0.01
2023,495.75,2023-02-14,9.82,69.55,429.86,31.94,11.9,0.01
2022,1632.53,2022-07-12,24.52,55.73,968.85,24.56,18.85,0.01
2011,640.94,2011-04-19,20.37,54.8,421.85,72.93,9.06,0.01
2018,774.78,2018-01-27,4.79,65.96,232.35,60.04,12.35,0.1864
2017,1028.96,2017-05-02,30.59,47.73,760.76,43.93,10.38,0.01
2014,1888.24,2014-03-06,18.53,54.23,355.52,83.19,1.27,0.1123
2023,981.43,2023-05-11,26.68,64.3,501.16,87.33,1.74,0.0384
2020,1175.84,2020-07-22,30.38,49.17,601.68,53.44,18.49,0.01
2010,938.67,2010-04-29,22.92,59.07,820.44,12.51,4.23,0.01
2024,181.13,2024-07-13,24.23,54.8,375.35,77.62,13.59,0.01
2018,654.13,2018-01-04,3.24,64.96,220.94,89.99,14.64,0.1838
2017,1471.05,2017-10-25,9.11,73.88,351.75,51.3,7.5,0.0774
2012,886.65,2012-04-04,24.36,58.14,293.36,86.1,7.06,0.01
2013,123.58,2013-12-26,-0.9,65.07,318.67,60.01,12.43,0.01
2012,1035.96,2012-02-17,7.08,64.21,99.17,98.32,0.91,0.0691
2019,1091.44,2019-02-10,3.57,66.31,330.02,54.53,8.96,0.01
2024,415.74,2024-12-04,-3.89,76.18,181.55,76.05,9.51,0.01
2014,1464.01,2014-10-22,10.39,60.69,488.98,21.92,13.6,0.1042
2018,1003.08,2018-05-08,26.07,61.28,632.73,68.02,12.64,0.01
2021,1742.1,2021-04-03,24.42,67.88,476.83,73.96,4.46,0.0715
2019,592.49,2019-04-29,26.93,49.41,740.9,14.09,12.55,0.0205
2021,1941.55,2021-08-24,23.74,51.46,735.89,33.88,19.2,0.0139
2012,461.86,2012-02-08,10.92,60.05,399.34,32.61,0.71,0.1046
2012,1164.93,2012-07-08,23.65,57.16,609.54,55.24,10.82,0.0991
2011,1347.89,2011-04-29,17.75,55.94,702.33,27.5,0.16,0.01
2017,243.71,2017-04-13,21.13,66.77,552.17,48.72,19.48,0.0652
2018,1237.68,2018-08-20,22.65,70.72,528.1,57.85,7.72,0.01
2018,740.07,2018-12-10,4.39,71.21,432.91,2.37,14.79,0.01
2015,814.85,2015-09-04,12.74,60.6,686.15,15.38,7.61,0.01
2012,1347.76,2012-11-26,1.69,74.47,185.21,63.43,11.87,0.01
2013,1491.94,2013-09-03,13.63,63.39,332.2,72.23,13.74,0.01
2013,621.73,2013-11-01,4.61,64.76,150.85,97.67,12.85,0.01
2022,1071.31,2022-03-11,10.66,63.62,635.46,32.9,10.36,0.01
2021,1136.51,2021-07-17,30.14,61.17,545.86,68.04,17.69,0.101
2023,1500.28,2023-07-10,25.63,61.78,923.51,27.65,0.58,0.1637
2017,1765.49,2017-10-31,9.58,65.47,301.14,94.79,2.24,0.1143
2018,1126.46,2018-06-08,31.1,53.74,982.96,20.4,9.09,0.01
2010,1094.58,2010-07-30,23.5,54.75,328.4,87.42,6.13,0.01
2012,2232.84,2012-05-25,25.79,50.63,746.44,51.38,14.64,0.01
2023,2225.9,2023-04-22,24.63,58.51,1130.23,0.88,5.65,0.1533
2023,1190.25,2023-11-23,4.3,80.0,445.31,33.27,0.5,0.0943
2023,14.19,2023-02-07,9.61,62.78,281.58,57.15,15.83,0.01
2016,1995.49,2016-10-20,4.73,65.59,498.73,34.08,11.89,0.1942
2016,1866.44,2016-07-30,31.57,50.14,352.08,96.26,1.49,0.0454
2014,1614.32,2014-05-29,29.14,53.11,619.17,60.12,14.12,0.01
2016,15.91,2016-03-09,14.16,68.72,613.98,28.61,13.43,0.01
2017,1208.35,2017-04-14,18.69,57.66,398.56,96.96,19.43,0.1286
2011,1652.98,2011-01-18,1.77,66.6,245.45,93.12,7.72,0.0493
2019,1595.27,2019-03-17,17.1,56.68,415.76,67.28,5.9,0.1925
2020,1084.95,2020-02-24,3.5,63.52,393.88,39.42,1.01,0.01
2022,806.29,2022-09-01,10.33,57.47,348.18,59.75,10.39,0.1325
2015,1596.97,2015-09-08,12.14,65.83,493.09,42.55,2.58,0.01
2020,1905.82,2020-07-08,31.94,54.33,704.61,56.22,0.82,0.01
2017,2007.25,2017-04-25,26.4,56.19,1059.77,8.16,6.61,0.0723
2019,506.37,2019-05-05,27.34,63.88,484.49,67.7,4.33,0.0842
2020,1421.75,2020-05-30,28.09,67.28,1124.52,7.75,8.0,0.1605
2010,1834.38,2010-04-13,22.73,66.44,466.28,85.29,0.44,0.01
2014,790.9,2014-05-10,27.84,67.75,241.48,99.84,10.59,0.071
2020,911.23,2020-11-15,6.23,59.54,437.77,40.93,2.21,0.0737
2023,931.86,2023-09-02,12.51,73.11,538.87,26.85,1.17,0.01
2014,845.16,2014-06-13,34.66,57.96,405.7,87.68,14.73,0.01
2013,402.27,2013-04-08,27.3,67.2,708.77,18.74,15.86,0.01
2023,2018.56,2023-04-06,27.46,58.8,542.9,56.48,3.65,0.0408
2022,551.04,2022-08-16,26.78,50.32,567.65,59.29,19.48,0.01
2021,905.12,2021-11-28,2.17,61.96,393.23,16.25,9.65,0.01
2021,1788.5,2021-12-03,-2.02,70.83,306.37,37.39,14.69,0.0833
2017,68.05,2017-07-17,31.36,66.49,549.29,48.94,15.91,0.1646
2021,2357.07,2021-11-09,1.81,79.37,380.79,52.41,9.86,0.01
2014,2192.8,2014-01-12,2.79,70.81,342.93,70.67,7.92,0.0182
2023,1627.63,2023-05-12,29.28,62.12,858.05,45.07,16.17,0.1695
2024,706.81,2024-12-01,-2.37,63.76,170.61,57.88,12.92,0.01
2018,587.16,2018-05-19,23.36,56.91,578.45,53.37,0.26,0.1306
2020,37.78,2020-12-19,-1.27,73.83,365.19,31.17,17.87,0.01
2022,2432.89,2022-05-14,29.57,64.76,518.5,72.7,4.37,0.01
2014,1073.02,2014-08-08,18.54,71.92,332.86,78.35,0.62,0.1006
2014,961.77,2014-11-11,-2.15,64.14,157.15,96.77,15.9,0.01
2013,1076.21,2013-10-31,6.4,65.51,287.92,94.97,5.72,0.01
2017,370.14,2017-02-27,8.0,66.01,552.38,10.12,3.29,0.01
2021,1626.03,2021-02-19,4.97,75.08,554.61,36.62,17.84,0.01
2018,182.54,2018-04-13,18.51,58.45,505.23,56.99,3.15,0.01
2016,1656.79,2016-02-05,11.97,61.05,338.93,80.43,2.98,0.01
2011,2102.3,2011-03-31,18.98,59.3,384.19,94.34,11.52,0.01
2016,1846.06,2016-09-18,19.67,63.62,312.79,98.18,1.02,0.0587
2018,401.91,2018-03-02,16.12,66.74,272.93,82.41,3.53,0.0172
2020,2224.4,2020-03-02,10.34,68.99,684.62,33.48,19.1,0.184
2019,255.09,2019-01-22,5.68,63.64,92.25,98.03,19.18,0.01
2016,809.21,2016-05-10,30.54,66.91,1003.97,7.99,0.35,0.01
2024,1737.41,2024-05-27,24.31,65.99,519.62,66.27,8.02,0.06
2015,415.01,2015-02-10,9.01,76.8,474.43,24.68,3.13,0.01
2017,279.93,2017-05-18,29.76,63.25,782.28,36.5,7.52,0.0755
2015,1604.19,2015-06-27,27.38,49.61,783.52,41.17,13.26,0.01
2010,508.87,2010-05-23,32.66,64.26,678.08,44.8,11.88,0.01
2011,2283.8,2011-12-23,1.68,67.45,207.88,86.93,3.98,0.1857
2024,736.68,2024-03-12,10.99,73.49,269.0,81.35,12.12,0.01
2021,771.3,2021-05-25,27.18,56.62,324.82,92.79,3.36,0.01
2010,1423.82,2010-01-04,-0.59,68.32,537.9,15.13,17.03,0.1433
2021,1399.61,2021-02-16,11.5,61.86,332.64,87.99,0.84,0.01
2016,1071.74,2016-10-26,6.08,68.85,424.94,51.03,0.97,0.0314
2022,1962.61,2022-11-02,1.4,64.09,501.38,30.7,7.9,0.01
2016,1175.94,2016-05-12,27.33,62.96,430.06,84.92,11.53,0.091
2018,2474.71,2018-06-14,34.1,47.57,1018.41,35.74,0.33,0.01
2021,2200.18,2021-01-16,3.06,79.94,122.22,89.26,18.59,0.01
2011,491.42,2011-07-01,30.35,59.39,813.24,40.87,7.29,0.1032
2012,2422.86,2012-05-12,30.95,62.14,585.34,80.31,11.97,0.1619
2011,2449.58,2011-06-24,34.28,47.4,614.22,77.22,1.66,0.1599
2010,646.9,2010-07-03,27.73,49.76,757.08,38.42,12.61,0.033
2018,191.82,2018-02-23,4.15,74.76,395.85,43.33,14.34,0.01
2016,2393.76,2016-12-16,4.85,63.44,316.29,70.97,7.85,0.1999
2022,951.44,2022-10-11,5.01,75.15,440.41,34.41,12.02,0.01
2013,2320.27,2013-07-01,30.1,50.14,747.39,44.8,10.44,0.0139
2012,1263.33,2012-01-23,1.25,81.19,402.5,16.99,10.52,0.1097
2014,217.05,2014-10-15,4.22,61.73,401.82,44.86,19.46,0.01
2022,2362.95,2022-03-21,17.61,65.45,642.72,23.19,14.69,0.1652
2022,1831.64,2022-10-18,12.27,76.35,145.74,99.35,7.23,0.01
2020,409.92,2020-12-27,2.01,76.7,220.46,80.57,14.52,0.1204
2014,1424.1,2014-10-11,7.82,64.4,208.17,82.55,10.22,0.01
2021,1487.47,2021-01-24,5.21,69.92,392.64,56.95,5.57,0.0763
2016,1045.65,2016-07-08,30.38,52.06,722.25,49.69,6.48,0.01
2021,549.79,2021-03-16,16.03,55.04,303.04,76.67,11.52,0.01
2012,1362.29,2012-11-22,6.09,75.83,154.03,80.81,9.4,0.01
2012,1760.79,2012-11-07,-0.76,82.2,401.39,22.43,9.1,0.0986
2022,1762.22,2022-01-24,1.35,71.38,497.35,14.92,8.69,0.1262
2018,2442.72,2018-06-26,34.14,54.54,661.87,57.93,11.83,0.01
2022,1878.41,2022-02-27,4.38,73.61,375.15,55.38,5.3,0.1824
2023,1731.28,2023-08-07,23.03,60.13,531.11,74.57,0.85,0.01
2017,1699.97,2017-01-28,6.63,68.46,205.1,62.61,15.71,0.1691
2021,104.98,2021-12-13,-0.78,78.81,357.51,2.44,17.55,0.1988
2019,1821.15,2019-06-18,29.06,52.94,583.15,69.78,13.15,0.01
2010,2296.74,2010-10-03,10.88,65.26,485.87,58.29,18.42,0.01
2014,1640.22,2014-03-02,14.71,58.07,202.52,96.14,1.53,0.0204
2023,1446.1,2023-07-15,24.3,51.4,708.53,52.88,7.35,0.1385
2019,888.37,2019-03-06,14.74,71.5,635.68,30.02,0.92,0.1499
2023,1160.29,2023-03-11,15.81,57.77,732.08,24.53,19.72,0.01
2019,953.0,2019-05-06,28.96,54.1,884.48,12.09,10.83,0.1777
2024,385.54,2024-03-23,18.57,68.72,213.32,99.27,16.67,0.1099
2010,2020.93,2010-06-23,29.4,59.29,775.1,55.92,15.42,0.0366
2022,1660.99,2022-02-17,7.23,78.13,201.24,91.68,7.81,0.01
2023,2452.53,2023-01-17,-2.68,64.18,474.86,16.97,4.17,0.01
2015,704.2,2015-08-11,26.37,49.99,516.59,60.87,12.91,0.01
2012,851.95,2012-02-24,5.57,66.34,374.26,61.52,19.48,0.139
2010,1807.72,2010-05-01,25.91,63.7,934.56,13.49,18.48,0.01
2018,1826.23,2018-12-03,2.01,61.71,393.5,33.88,7.43,0.0662
2022,611.69,2022-03-13,10.55,77.02,291.14,80.21,4.7,0.1628
2018,665.49,2018-07-30,31.31,64.79,727.0,31.35,0.12,0.01
2012,710.04,2012-03-19,10.06,76.86,534.6,56.48,2.4,0.0215
2013,1821.18,2013-12-30,-0.11,80.25,85.25,95.77,15.94,0.01
2024,922.41,2024-03-22,19.26,71.65,427.7,81.16,14.22,0.01
2015,687.29,2015-10-22,9.99,72.25,424.07,64.01,15.71,0.1979
2010,934.34,2010-05-23,25.69,51.5,943.15,13.14,6.03,0.01
2012,1433.18,2012-04-21,23.47,61.21,812.86,24.76,14.42,0.1863
2013,470.79,2013-07-05,32.35,61.05,431.27,84.24,14.03,0.1948
2011,1175.67,2011-10-11,7.45,71.25,178.57,81.59,10.84,0.0731
2013,618.65,2013-10-07,6.0,64.41,394.6,41.09,7.25,0.0604
2022,635.24,2022-06-24,28.75,60.78,710.59,47.4,19.64,0.0768
2022,1458.36,2022-07-15,32.01,54.47,745.59,43.98,14.86,0.01
2021,279.25,2021-09-21,11.88,64.01,317.57,63.52,10.39,0.0327
2020,845.33,2020-07-08,32.33,52.84,664.71,64.74,8.69,0.1615
2011,1427.41,2011-07-08,30.29,62.74,410.9,76.42,0.86,0.1447
2024,263.29,2024-05-08,26.09,56.11,729.27,34.98,15.81,0.1294
2015,1338.08,2015-08-26,23.41,68.09,725.01,40.7,5.55,0.0475
2023,199.78,2023-05-17,29.82,64.61,980.38,4.96,6.98,0.01
2010,2293.06,2010-08-30,24.74,64.04,531.88,61.3,7.08,0.01
2018,1058.34,2018-02-27,12.04,71.19,296.07,75.82,19.97,0.01
2022,2400.31,2022-07-05,32.46,47.83,872.02,31.77,2.31,0.0335
2021,1766.04,2021-02-18,4.93,75.72,265.88,98.26,13.79,0.01
2011,90.96,2011-11-25,6.22,64.11,321.32,69.34,8.58,0.01
2010,414.18,2010-11-25,6.79,72.56,193.53,93.62,8.41,0.1228
2019,2241.46,2019-09-10,17.73,62.17,844.09,6.13,19.87,0.1981
2016,1119.07,2016-03-31,12.33,59.52,332.85,67.51,0.97,0.01
2020,1235.47,2020-12-03,2.38,73.93,250.95,42.61,17.29,0.0927
2013,1330.08,2013-02-24,11.03,66.59,546.0,7.17,8.7,0.1481
2016,79.84,2016-07-23,25.85,67.75,500.57,57.5,10.54,0.1193
2017,875.7,2017-02-01,4.0,61.88,312.47,74.34,16.31,0.01
2019,850.0,2019-04-10,23.91,68.18,524.03,67.35,10.38,0.01
2017,2071.1,2017-09-13,11.08,75.01,820.96,6.53,7.88,0.01
2021,1788.83,2021-09-06,13.31,62.9,471.96,78.1,19.47,0.1192
2024,2029.2,2024-06-25,25.58,54.22,831.2,53.92,5.52,0.038
2021,2077.75,2021-06-29,33.93,47.47,938.91,23.02,12.51,0.01
2022,2418.82,2022-01-17,0.13,68.11,241.99,93.62,13.26,0.01
2012,2372.67,2012-11-16,-2.65,76.18,319.79,46.03,4.56,0.1853
2018,478.96,2018-04-28,22.57,52.78,498.33,62.9,5.53,0.01
2022,544.51,2022-06-10,25.69,54.6,591.52,54.34,10.51,0.01
2012,2338.17,2012-05-16,24.11,53.35,623.02,57.22,18.93,0.01
2015,1249.0,2015-11-10,6.98,74.98,384.34,34.89,8.99,0.01
2012,1273.38,2012-08-14,26.34,52.37,302.63,90.44,0.34,0.1367
2017,1596.35,2017-02-03,4.53,71.38,383.35,42.95,17.18,0.0148
2020,345.16,2020-09-09,16.52,58.9,580.99,38.28,5.99,0.0668
2020,667.41,2020-07-21,30.38,66.33,535.43,71.09,9.04,0.01
2012,52.43,2012-06-19,30.87,65.19,532.91,64.61,19.22,0.01
2014,1911.5,2014-12-26,4.24,64.72,324.83,56.74,5.73,0.01
2022,2390.82,2022-01-10,2.19,64.34,283.28,42.88,7.71,0.1598
2017,1994.07,2017-09-30,17.05,61.65,666.32,23.33,5.15,0.138
2011,2058.18,2011-06-19,30.14,62.84,851.18,45.67,2.81,0.01
2010,929.13,2010-02-05,9.56,59.62,211.49,70.26,11.0,0.0502
2019,1078.56,2019-11-20,-2.98,81.95,54.02,98.18,5.94,0.01
2017,1015.11,2017-05-25,29.42,66.46,436.62,84.63,8.22,0.01
2021,1734.15,2021-10-19,3.32,80.26,343.85,69.02,10.13,0.01
2020,1984.35,2020-10-29,4.73,67.94,309.15,77.75,16.01,0.01
2022,1150.37,2022-07-04,29.74,50.0,896.83,13.15,2.78,0.0785
2020,596.65,2020-07-01,28.47,54.38,369.31,96.72,19.04,0.01
2014,656.26,2014-02-08,4.42,75.87,526.36,7.54,7.93,0.013
2015,192.0,2015-04-01,22.14,65.73,621.42,30.95,10.92,0.0248
2019,1339.96,2019-12-11,-4.7,68.37,247.62,68.91,14.37,0.01
2010,1880.36,2010-02-13,3.15,68.0,413.56,69.27,17.23,0.01
2013,1713.31,2013-03-12,18.9,72.05,763.28,17.96,11.82,0.1508
2010,1787.19,2010-10-17,5.65,67.9,587.74,26.83,12.76,0.0892
2013,2013.28,2013-11-06,1.71,62.31,368.64,45.35,4.9,0.0693
2016,975.65,2016-03-12,19.54,61.84,600.9,35.05,18.8,0.01
2020,1185.91,2020-04-05,19.52,71.97,365.63,78.03,1.12,0.01
2021,1675.35,2021-04-07,24.92,51.29,749.03,24.38,3.14,0.1059
2024,2254.66,2024-09-22,14.95,55.13,459.02,82.99,14.38,0.01
2023,1757.02,2023-12-16,-0.92,79.1,339.02,56.24,16.23,0.0687
2018,1610.1,2018-11-14,0.22,79.03,199.74,72.05,18.04,0.01
2015,1766.57,2015-06-18,31.49,55.55,826.92,42.86,6.5,0.1515
2010,374.28,2010-06-17,31.98,64.09,605.38,72.45,17.78,0.0341
2019,740.26,2019-03-06,13.42,66.2,677.87,15.02,6.44,0.01
2013,96.2,2013-08-17,27.07,66.48,272.95,96.58,9.81,0.01
2016,2087.65,2016-06-22,34.63,48.45,793.81,53.28,1.05,0.01
2015,2282.36,2015-07-15,31.55,62.2,937.3,24.34,5.87,0.01
2020,2230.76,2020-09-05,19.42,54.86,283.64,92.84,15.82,0.154
2018,2045.11,2018-08-02,20.13,62.11,314.82,92.3,17.17,0.01
2014,41.1,2014-06-24,33.32,47.96,429.75,86.33,6.29,0.0564
2011,368.81,2011-11-16,6.64,60.88,110.27,85.28,14.37,0.01
2022,1273.25,2022-08-03,23.45,55.03,944.42,2.47,8.81,0.01
2015,2040.92,2015-04-11,22.56,59.01,337.57,98.97,1.41,0.01
2012,1982.19,2012-07-22,23.51,53.48,895.41,23.46,18.51,0.1125
2016,93.26,2016-05-17,31.51,61.97,517.33,79.86,2.53,0.0896
2017,1910.24,2017-12-06,3.24,68.32,189.78,88.24,6.04,0.0386
2017,1454.25,2017-01-28,0.44,66.79,229.57,80.35,15.49,0.0988
2020,1737.36,2020-07-26,32.6,46.51,499.78,73.26,18.95,0.1689
2021,1594.99,2021-07-28,27.32,57.93,390.7,84.81,4.93,0.01
2018,117.76,2018-03-21,10.31,65.42,679.88,14.17,13.02,0.01
2011,1032.61,2011-10-25,7.65,60.91,518.68,21.51,4.1,0.01
2021,2291.59,2021-03-15,10.77,57.73,676.79,16.67,9.6,0.1324
2014,0.23,2014-12-15,3.75,64.18,168.24,58.79,0.81,0.01
2017,1791.72,2017-09-01,19.68,59.82,407.72,70.19,12.46,0.01
2015,1679.57,2015-05-18,26.33,59.03,952.62,18.97,5.72,0.01
2012,1395.39,2012-06-24,27.73,52.04,853.34,45.13,2.68,0.0359
2019,1786.5,2019-11-08,0.6,79.84,174.06,74.99,0.8,0.1723
2011,1743.13,2011-08-15,22.48,52.93,921.94,17.21,19.15,0.01
2021,1708.6,2021-11-24,-1.12,75.96,475.75,37.82,18.48,0.1331
2011,1367.18,2011-03-07,11.98,64.96,817.84,3.49,3.23,0.01
2017,679.08,2017-09-13,10.97,69.48,416.15,51.39,8.13,0.01
2011,2020.42,2011-01-16,4.26,74.34,421.14,29.35,6.36,0.01
2018,1485.92,2018-03-21,13.01,72.56,520.04,35.78,4.02,0.01
2019,920.19,2019-10-06,8.47,66.45,490.93,45.04,15.99,0.01
2011,1266.41,2011-08-01,22.05,59.02,466.5,77.31,15.34,0.1024
2023,2151.99,2023-08-16,23.6,61.94,609.73,52.6,2.07,0.01
2019,1915.49,2019-11-28,5.51,72.6,316.15,81.48,18.39,0.01
2017,2193.41,2017-08-26,24.25,66.67,524.74,75.11,11.93,0.01
2014,606.53,2014-05-20,25.32,64.26,854.24,30.39,18.27,0.151
2016,2419.35,2016-11-06,1.55,70.85,326.4,47.53,19.1,0.01
2022,782.08,2022-05-17,25.86,61.7,501.86,64.36,15.1,0.175
2017,819.74,2017-04-13,20.93,61.91,357.65,82.14,12.42,0.1725
2018,2258.11,2018-08-17,26.65,64.37,701.44,51.33,12.61,0.01
2016,252.74,2016-05-06,31.21,66.69,962.12,11.29,8.49,0.01
2018,530.27,2018-03-15,16.56,59.77,746.79,4.26,18.59,0.01
2021,1693.79,2021-10-22,6.0,77.36,273.37,76.99,15.71,0.0861
2015,404.09,2015-10-26,7.09,71.66,364.46,34.54,2.59,0.01
2020,338.52,2020-01-12,1.72,63.42,238.57,46.63,0.09,0.01
2022,75.44,2022-04-22,19.02,65.69,324.13,91.16,11.49,0.01
2014,698.97,2014-08-01,18.76,70.24,783.32,24.8,14.61,0.1737
2013,384.53,2013-10-26,5.47,66.03,328.87,77.3,18.04,0.01
2022,1978.93,2022-12-01,3.99,71.27,201.48,85.2,14.06,0.1084
2010,1510.29,2010-09-19,12.59,58.36,628.27,15.82,17.71,0.01
2021,469.21,2021-08-06,17.89,64.28,431.84,85.33,4.04,0.01
2014,674.18,2014-03-11,16.36,68.07,741.12,15.99,16.55,0.0282
2015,1838.22,2015-06-01,30.37,50.26,977.92,22.32,9.68,0.01
2011,1568.37,2011-10-01,9.78,61.12,353.61,61.66,8.33,0.0392
2014,625.76,2014-11-08,-1.64,69.53,113.18,92.69,8.96,0.01
2017,1985.98,2017-01-12,-2.51,76.09,384.96,60.96,1.29,0.1383
2010,376.86,2010-09-01,15.11,68.14,293.77,73.5,1.51,0.01
2015,43.48,2015-11-18,0.36,66.11,251.13,44.7,11.49,0.1658
2013,405.43,2013-12-16,-0.27,73.77,443.15,17.53,0.86,0.1699
2018,713.39,2018-02-07,11.62,59.94,288.04,72.02,4.63,0.01
2015,2109.78,2015-09-26,19.49,67.22,349.03,81.12,6.09,0.1206
2024,1985.08,2024-05-17,27.39,50.05,1091.51,5.94,12.43,0.1565
2013,2359.22,2013-09-10,11.96,76.48,810.92,2.91,9.21,0.0986
2017,1668.21,2017-11-12,-2.18,81.32,347.58,29.99,19.03,0.01
2017,559.92,2017-07-03,32.65,56.03,418.43,78.74,16.48,0.0503
2024,833.69,2024-08-30,25.96,60.89,713.43,19.2,15.44,0.0996
2019,393.15,2019-09-23,11.37,68.17,554.89,39.27,0.29,0.1641
2017,2386.86,2017-07-27,29.45,61.82,1140.96,3.94,0.97,0.01
2014,2236.63,2014-09-17,17.67,73.54,686.13,23.84,19.13,0.01
2014,650.98,2014-09-07,15.36,62.96,443.63,39.53,3.46,0.1896
2019,2000.78,2019-11-01,2.63,77.24,218.77,84.6,19.01,0.1043
2011,2163.82,2011-06-02,29.28,56.82,465.56,85.43,9.74,0.01
2010,2428.6,2010-10-05,4.11,69.18,557.08,31.19,8.08,0.01
2016,1308.8,2016-12-24,3.95,73.58,481.49,13.1,14.45,0.1538
2016,2380.87,2016-01-14,-0.9,64.11,443.51,40.4,12.36,0.1979
2016,1676.34,2016-10-22,8.98,61.87,250.96,72.65,3.37,0.01
2024,778.34,2024-02-15,11.44,70.21,216.51,99.32,13.83,0.01
2011,1465.88,2011-06-29,32.94,56.09,608.89,62.38,15.05,0.01
2023,16.27,2023-10-16,8.39,72.96,302.54,45.18,10.28,0.01
2023,1368.62,2023-10-01,7.8,66.99,469.26,56.05,16.05,0.01
2019,1828.96,2019-08-24,24.18,63.47,320.21,95.73,16.32,0.01
2023,940.51,2023-10-07,6.63,62.88,423.87,38.22,10.15,0.01
2015,568.6,2015-09-14,13.43,61.28,497.92,62.82,10.97,0.01
2016,274.69,2016-12-08,-1.53,75.21,267.46,54.94,0.68,0.1347
2015,1312.17,2015-08-21,26.96,62.46,758.82,32.44,15.77,0.01
2016,1904.18,2016-06-11,28.68,51.93,345.08,92.52,1.66,0.1515
2014,761.03,2014-01-30,4.74,67.29,272.28,56.63,11.97,0.01
2012,1234.17,2012-01-17,4.86,69.19,439.84,1.66,7.77,0.01
2019,2332.35,2019-02-02,3.5,76.48,606.99,18.62,11.15,0.01
2023,1853.58,2023-09-29,14.07,66.25,707.2,37.4,15.66,0.1599
2017,576.03,2017-07-01,31.25,54.57,480.32,71.65,4.12,0.01
2010,2460.65,2010-11-18,-0.25,69.19,177.37,73.28,4.7,0.017
2022,559.42,2022-08-30,25.16,56.03,553.69,51.78,4.78,0.01
2023,399.49,2023-06-24,27.14,62.62,850.07,23.46,15.21,0.0353
2022,963.84,2022-04-03,22.86,56.93,421.85,81.72,15.37,0.0943
2016,981.6,2016-05-10,32.17,47.38,810.82,29.34,7.87,0.01
2012,480.72,2012-03-30,17.86,62.38,353.91,84.56,3.83,0.01
2021,792.65,2021-06-22,31.36,61.46,891.85,37.33,2.16,0.01
2017,1047.71,2017-07-25,32.24,54.25,809.48,30.25,0.72,0.01
2020,580.4,2020-11-30,0.36,80.63,191.17,75.81,0.88,0.01
2010,448.69,2010-11-23,2.24,80.51,470.2,17.67,8.46,0.0953
2013,1045.78,2013-09-14,10.6,71.56,385.86,68.14,13.11,0.01
2019,810.54,2019-07-24,26.98,49.36,618.01,60.4,3.33,0.0804
2011,766.98,2011-10-30,9.03,59.58,521.38,10.95,3.3,0.01
2016,1636.43,2016-03-22,13.63,59.31,514.92,61.68,8.11,0.01
2024,2090.71,2024-03-12,14.05,59.16,765.94,15.8,17.21,0.1386
2021,149.59,2021-02-19,3.91,67.57,465.9,3.67,17.78,0.01
2016,1472.37,2016-06-22,34.95,50.19,1101.91,1.34,0.82,0.01
2023,601.77,2023-09-17,13.08,60.66,158.95,96.7,4.09,0.01
2022,2309.21,2022-04-18,20.16,61.39,766.06,31.3,7.16,0.01
2019,2192.1,2019-08-05,19.29,65.73,373.98,89.59,5.97,0.1921
2016,1771.26,2016-04-02,26.44,59.84,524.64,68.71,7.71,0.01
2024,1635.02,2024-01-25,3.55,71.91,383.4,59.72,10.57,0.0477
2021,1491.56,2021-07-03,24.8,63.03,911.78,13.59,9.42,0.01
2021,107.31,2021-07-14,30.08,61.53,762.75,33.51,0.05,0.1263
2023,1429.87,2023-11-24,-2.77,79.56,301.36,31.58,1.46,0.0713
2016,683.74,2016-02-05,5.74,62.48,562.76,12.46,4.88,0.01
2019,805.45,2019-01-07,6.42,69.5,340.11,66.91,4.53,0.01
2013,746.5,2013-01-20,0.19,71.41,312.64,26.7,14.65,0.1756
2023,2126.58,2023-02-25,6.86,69.31,233.78,85.0,1.67,0.1605
2010,915.53,2010-08-24,20.64,67.17,701.51,20.44,17.07,0.01
2014,2223.56,2014-09-04,15.78,67.87,513.75,71.88,16.83,0.01
2015,1057.68,2015-01-10,4.52,68.51,398.09,19.09,12.76,0.01
2014,1133.48,2014-03-03,15.78,64.84,712.91,19.46,15.4,0.0193
2013,869.39,2013-05-03,29.54,57.16,532.03,63.29,17.35,0.1431
2022,837.69,2022-12-22,1.95,70.79,92.17,91.76,6.68,0.1617
2012,1095.11,2012-11-22,5.69,59.7,477.19,6.34,13.21,0.1604
2013,1539.69,2013-02-23,8.72,61.66,533.74,15.61,16.04,0.1952
2016,2351.42,2016-03-04,19.21,65.02,480.18,59.75,1.3,0.01
2011,257.27,2011-07-27,27.51,59.91,658.92,41.64,5.3,0.0494
2015,2032.37,2015-04-07,18.53,72.38,582.04,63.75,8.47,0.01
2012,172.11,2012-10-06,5.12,64.58,435.81,25.61,3.35,0.01
2014,2172.87,2014-01-25,3.17,75.59,210.45,88.24,7.82,0.01
2011,781.91,2011-02-19,4.19,67.63,578.2,1.9,4.09,0.01
2024,2369.29,2024-09-20,10.85,65.84,784.35,4.04,14.18,0.01
2024,945.37,2024-11-20,-0.0,64.04,447.29,12.78,8.17,0.0945
2018,1025.35,2018-08-22,19.56,71.7,597.13,44.18,1.25,0.01
2011,1553.57,2011-08-31,23.29,60.13,845.36,20.29,7.58,0.0493
2012,1237.85,2012-03-10,18.22,66.28,487.64,69.03,19.23,0.0813
2022,684.73,2022-11-19,6.39,63.38,310.37,58.89,1.47,0.1305
2023,288.89,2023-11-25,6.91,66.28,297.43,70.52,9.93,0.01
2022,1227.78,2022-11-24,3.56,66.65,229.16,89.15,3.18,0.01
2010,1396.46,2010-07-01,27.0,61.47,1020.6,3.38,4.65,0.01
2013,2179.95,2013-05-14,30.9,53.33,893.14,38.54,18.12,0.0258
2019,1680.67,2019-11-27,1.41,71.92,438.75,39.33,7.83,0.01
2014,226.07,2014-10-17,3.0,67.1,440.15,30.13,15.61,0.01
2021,246.43,2021-01-10,-1.46,68.01,348.83,13.71,19.58,0.051
2021,2338.59,2021-12-02,-1.38,77.26,403.32,41.35,2.78,0.1158
2013,1668.73,2013-07-10,29.02,50.99,919.45,26.63,12.39,0.1453
2024,854.39,2024-10-16,3.05,80.76,206.02,71.47,5.97,0.01
2016,1096.86,2016-05-26,32.27,51.78,602.3,53.62,3.27,0.01
2020,687.39,2020-02-08,10.92,63.73,365.56,72.45,7.45,0.0909
2023,584.92,2023-06-02,28.32,55.93,1054.16,9.57,5.24,0.01
2013,1039.26,2013-05-31,24.21,50.73,453.26,79.31,15.78,0.01
2017,1830.45,2017-12-29,1.75,75.16,301.91,71.48,13.4,0.01
2013,1246.4,2013-04-12,22.38,52.93,585.93,61.92,1.18,0.01
2021,521.31,2021-04-28,26.91,68.8,487.56,59.62,12.2,0.01
2019,1084.46,2019-03-18,14.84,64.58,389.17,54.11,0.73,0.0994
2014,1768.66,2014-08-15,25.0,61.11,514.97,62.75,11.89,0.1037
2024,193.77,2024-12-13,2.89,69.47,249.33,84.87,17.91,0.0719
2024,504.72,2024-04-17,25.92,69.36,741.54,28.55,15.25,0.01
2016,2233.82,2016-08-30,19.27,68.41,441.5,88.82,13.02,0.01
2017,747.81,2017-05-27,29.36,48.99,944.54,20.62,11.86,0.01
2013,2417.6,2013-07-04,25.43,65.63,990.73,31.36,10.71,0.01
2012,542.13,2012-05-10,31.37,52.46,874.73,12.13,17.72,0.01
2021,2270.63,2021-02-10,9.37,73.32,337.55,65.88,2.28,0.0215
2021,478.27,2021-11-06,6.2,73.64,252.29,49.05,3.11,0.114
2016,320.26,2016-11-13,3.92,73.1,304.43,17.46,2.36,0.0559
2013,788.71,2013-08-18,21.68,69.17,564.22,67.85,15.11,0.0485
2013,936.97,2013-10-17,9.25,65.3,358.08,34.17,0.18,0.16
2012,2148.68,2012-11-20,2.15,80.23,478.14,29.28,7.34,0.152
2016,57.46,2016-02-19,3.76,74.13,186.14,81.97,8.54,0.01
2015,558.77,2015-08-22,20.52,52.28,414.96,88.92,6.53,0.01
2014,2293.88,2014-12-08,2.8,69.73,93.98,89.0,12.2,0.0923
2020,1163.42,2020-12-09,-4.51,75.34,246.82,57.82,3.43,0.0553
2012,1106.1,2012-08-07,26.74,54.99,254.28,94.94,15.94,0.0553
2022,400.87,2022-06-23,33.57,63.42,426.05,75.4,1.16,0.01
2018,1000.89,2018-06-27,33.23,52.74,646.41,52.73,12.5,0.01
2020,861.41,2020-03-03,10.96,60.89,676.81,33.55,1.02,0.0272
2018,1607.28,2018-06-15,32.19,62.25,431.57,91.34,13.67,0.01
2022,624.57,2022-08-07,18.38,60.77,602.26,60.96,9.68,0.1498
2016,1568.66,2016-03-27,12.54,65.94,603.73,45.77,11.71,0.01
2010,1274.63,2010-03-03,12.26,59.73,642.07,27.23,0.91,0.0651
2011,2452.9,2011-05-31,23.71,65.9,550.86,69.13,12.93,0.1312
2023,2129.41,2023-05-15,25.7,61.68,886.03,23.87,5.39,0.01
2011,1062.83,2011-02-12,6.38,78.81,358.17,46.94,6.44,0.0244
2019,2251.8,2019-04-03,21.17,60.1,1068.6,6.49,7.92,0.01
2015,1121.01,2015-10-08,10.58,63.32,372.46,73.71,18.61,0.01
2019,2316.31,2019-03-28,12.76,62.69,409.83,66.94,19.15,0.01
2010,144.93,2010-06-25,26.99,61.75,754.08,31.81,3.58,0.1263
2023,267.05,2023-07-27,32.52,56.6,726.53,44.39,13.56,0.1829
2019,2052.4,2019-02-21,12.18,75.27,353.03,70.67,18.18,0.01
2020,1992.39,2020-02-10,3.27,75.04,382.41,52.03,10.99,0.01
2016,310.29,2016-01-07,3.1,77.52,396.0,42.93,12.62,0.182
2011,26.5,2011-03-03,15.96,55.81,429.96,66.96,17.14,0.01
2023,270.33,2023-03-28,16.88,60.56,667.83,4.11,4.4,0.01
2024,380.43,2024-06-03,25.05,69.4,1045.56,11.0,15.43,0.1826
2014,916.14,2014-05-24,26.08,60.45,435.53,69.96,10.6,0.01
2019,819.13,2019-11-13,4.22,72.55,458.47,17.94,17.08,0.01
2012,633.43,2012-11-05,5.76,71.47,195.8,53.68,12.02,0.1551
2011,46.69,2011-01-02,-1.03,65.77,268.68,50.0,18.91,0.1996
2018,2395.78,2018-10-16,9.22,75.72,483.85,29.88,6.94,0.0777
2020,1974.11,2020-09-28,14.42,62.74,421.72,62.17,1.85,0.01
